phylum	class	order	family	genus	species
Basidiomycota	Agaricomycetes	Polyporales	Podoscyphaceae	Abortiporus	Abortiporus biennis
Ascomycota	Lecanoromycetes	Acarosporales	Acarosporaceae	Acarospora	Acarospora socialis
Basidiomycota	Agaricomycetes	Agaricales	Agaricaceae	Agaricus	Agaricus arvensis
Basidiomycota	Agaricomycetes	Agaricales	Agaricaceae	Agaricus	Agaricus augustus
Basidiomycota	Agaricomycetes	Agaricales	Agaricaceae	Agaricus	Agaricus bitorquis
Basidiomycota	Agaricomycetes	Agaricales	Agaricaceae	Agaricus	Agaricus campestris
Basidiomycota	Agaricomycetes	Agaricales	Agaricaceae	Agaricus	Agaricus sylvicola
Basidiomycota	Agaricomycetes	Agaricales	Agaricaceae	Agaricus	Agaricus xanthodermus
Basidiomycota	Agaricomycetes	Agaricales	Strophariaceae	Agrocybe	Agrocybe cylindracea
Basidiomycota	Agaricomycetes	Agaricales	Strophariaceae	Agrocybe	Agrocybe pediades
Basidiomycota	Agaricomycetes	Agaricales	Strophariaceae	Agrocybe	Agrocybe praecox
Ascomycota	Lecanoromycetes	Lecanorales	Parmeliaceae	Alectoria	Alectoria sarmentosa
Ascomycota	Pezizomycetes	Pezizales	Pyronemataceae	Aleuria	Aleuria aurantia
Ascomycota	Lecanoromycetes	Caliciales	Caliciaceae	Amandinea	Amandinea punctata
Basidiomycota	Agaricomycetes	Agaricales	Amanitaceae	Amanita	Amanita augusta
Basidiomycota	Agaricomycetes	Agaricales	Amanitaceae	Amanita	Amanita bisporigera
Basidiomycota	Agaricomycetes	Agaricales	Amanitaceae	Amanita	Amanita calyptroderma
Basidiomycota	Agaricomycetes	Agaricales	Amanitaceae	Amanita	Amanita citrina
Basidiomycota	Agaricomycetes	Agaricales	Amanitaceae	Amanita	Amanita crocea
Basidiomycota	Agaricomycetes	Agaricales	Amanitaceae	Amanita	Amanita excelsa
Basidiomycota	Agaricomycetes	Agaricales	Amanitaceae	Amanita	Amanita flavoconia
Basidiomycota	Agaricomycetes	Agaricales	Amanitaceae	Amanita	Amanita flavorubens
Basidiomycota	Agaricomycetes	Agaricales	Amanitaceae	Amanita	Amanita fulva
Basidiomycota	Agaricomycetes	Agaricales	Amanitaceae	Amanita	Amanita gemmata
Basidiomycota	Agaricomycetes	Agaricales	Amanitaceae	Amanita	Amanita jacksonii
Basidiomycota	Agaricomycetes	Agaricales	Amanitaceae	Amanita	Amanita muscaria
Basidiomycota	Agaricomycetes	Agaricales	Amanitaceae	Amanita	Amanita pantherina
Basidiomycota	Agaricomycetes	Agaricales	Amanitaceae	Amanita	Amanita parcivolvata
Basidiomycota	Agaricomycetes	Agaricales	Amanitaceae	Amanita	Amanita persicina
Basidiomycota	Agaricomycetes	Agaricales	Amanitaceae	Amanita	Amanita phalloides
Basidiomycota	Agaricomycetes	Agaricales	Amanitaceae	Amanita	Amanita porphyria
Basidiomycota	Agaricomycetes	Agaricales	Amanitaceae	Amanita	Amanita regalis
Basidiomycota	Agaricomycetes	Agaricales	Amanitaceae	Amanita	Amanita rubescens
Basidiomycota	Agaricomycetes	Agaricales	Amanitaceae	Amanita	Amanita velosa
Basidiomycota	Agaricomycetes	Agaricales	Amanitaceae	Amanita	Amanita xanthocephala
Basidiomycota	Agaricomycetes	Agaricales	Hygrophoraceae	Ampulloclitocybe	Ampulloclitocybe clavipes
Ascomycota	Lecanoromycetes	Caliciales	Physciaceae	Anaptychia	Anaptychia ciliaris
Ascomycota	Sordariomycetes	Xylariales	Hypoxylaceae	Annulohypoxylon	Annulohypoxylon thouarsianum
Basidiomycota	Agaricomycetes	Agaricales	Lycoperdaceae	Apioperdon	Apioperdon pyriforme
Ascomycota	Dothideomycetes	Venturiales	Venturiaceae	Apiosporina	Apiosporina morbosa
Basidiomycota	Agaricomycetes	Agaricales	Physalacriaceae	Armillaria	Armillaria gallica
Basidiomycota	Agaricomycetes	Agaricales	Physalacriaceae	Armillaria	Armillaria lutea
Basidiomycota	Agaricomycetes	Agaricales	Physalacriaceae	Armillaria	Armillaria mellea
Basidiomycota	Agaricomycetes	Agaricales	Physalacriaceae	Armillaria	Armillaria novae-zelandiae
Basidiomycota	Agaricomycetes	Agaricales	Physalacriaceae	Armillaria	Armillaria ostoyae
Basidiomycota	Agaricomycetes	Agaricales	Hygrophoraceae	Arrhenia	Arrhenia chlorocyanea
Ascomycota	Arthoniomycetes	Arthoniales	Arthoniaceae	Arthonia	Arthonia radiata
Basidiomycota	Pucciniomycetes	Pucciniales	Phragmidiaceae	Arthuriomyces	Arthuriomyces peckianus
Basidiomycota	Agaricomycetes	Russulales	Auriscalpiaceae	Artomyces	Artomyces pyxidatus
Ascomycota	Leotiomycetes	Helotiales	Gelatinodiscaceae	Ascocoryne	Ascocoryne sarcoides
Basidiomycota	Agaricomycetes	Phallales	Phallaceae	Aseroe	Aseroe rubra
Basidiomycota	Agaricomycetes	Agaricales	Lyophyllaceae	Asterophora	Asterophora lycoperdoides
Basidiomycota	Agaricomycetes	Boletales	Diplocystidiaceae	Astraeus	Astraeus hygrometricus
Basidiomycota	Agaricomycetes	Atheliales	Atheliaceae	Athelia	Athelia arachnoidea
Basidiomycota	Agaricomycetes	Boletales	Boletaceae	Aureoboletus	Aureoboletus betula
Basidiomycota	Agaricomycetes	Auriculariales	Auriculariaceae	Auricularia	Auricularia auricula-judae
Basidiomycota	Agaricomycetes	Auriculariales	Auriculariaceae	Auricularia	Auricularia cornea
Basidiomycota	Agaricomycetes	Auriculariales	Auriculariaceae	Auricularia	Auricularia mesenterica
Basidiomycota	Agaricomycetes	Russulales	Auriscalpiaceae	Auriscalpium	Auriscalpium vulgare
Basidiomycota	Pucciniomycetes	Pucciniales	Sphaerophragmiaceae	Austropuccinia	Austropuccinia psidii
Ascomycota	Lecanoromycetes	Baeomycetales	Baeomycetaceae	Baeomyces	Baeomyces rufus
Basidiomycota	Agaricomycetes	Agaricales	Marasmiaceae	Baeospora	Baeospora myosura
Basidiomycota	Agaricomycetes	Agaricales	Agaricaceae	Battarrea	Battarrea phalloides
Ascomycota	Sordariomycetes	Xylariales	Graphostromataceae	Biscogniauxia	Biscogniauxia atropunctata
Basidiomycota	Agaricomycetes	Polyporales	Phanerochaetaceae	Bjerkandera	Bjerkandera adusta
Basidiomycota	Agaricomycetes	Agaricales	Bolbitiaceae	Bolbitius	Bolbitius titubans
Basidiomycota	Agaricomycetes	Boletales	Boletinellaceae	Boletinellus	Boletinellus merulioides
Basidiomycota	Agaricomycetes	Boletales	Boletaceae	Boletus	Boletus edulis
Basidiomycota	Agaricomycetes	Boletales	Boletaceae	Boletus	Boletus erythropus
Basidiomycota	Agaricomycetes	Boletales	Boletaceae	Boletus	Boletus reticulatus
Basidiomycota	Agaricomycetes	Russulales	Bondarzewiaceae	Bondarzewia	Bondarzewia berkeleyi
Basidiomycota	Agaricomycetes	Agaricales	Lycoperdaceae	Bovista	Bovista plumbea
Basidiomycota	Agaricomycetes	Agaricales	Lycoperdaceae	Bovistella	Bovistella utriformis
Ascomycota	Leotiomycetes	Phacidiales	Phacidiaceae	Bulgaria	Bulgaria inquinans
Ascomycota	Leotiomycetes	Helotiales	Bulgariaceae	Bulgaria	Bulgaria inquinans
Basidiomycota	Agaricomycetes	Boletales	Boletaceae	Butyriboletus	Butyriboletus frostii
Basidiomycota	Agaricomycetes	Polyporales	Irpicaceae	Byssomerulius	Byssomerulius corium
Basidiomycota	Agaricomycetes	Polyporales	Irpicaceae	Byssomerulius	Byssomerulius incarnatus
Basidiomycota	Agaricomycetes	Polyporales		Calcipostia	Calcipostia guttulata
Basidiomycota	Agaricomycetes	Boletales	Boletaceae	Caloboletus	Caloboletus calopus
Basidiomycota	Agaricomycetes	Boletales	Boletaceae	Caloboletus	Caloboletus radicans
Basidiomycota	Dacrymycetes	Dacrymycetales	Dacrymycetaceae	Calocera	Calocera cornea
Basidiomycota	Dacrymycetes	Dacrymycetales	Dacrymycetaceae	Calocera	Calocera viscosa
Basidiomycota	Agaricomycetes	Agaricales	Lyophyllaceae	Calocybe	Calocybe gambosa
Ascomycota	Lecanoromycetes	Teloschistales	Teloschistaceae	Calogaya	Calogaya decipiens
Ascomycota	Lecanoromycetes	Teloschistales	Teloschistaceae	Calogaya	Calogaya pusilla
Ascomycota	Pezizomycetes	Pezizales	Caloscyphaceae	Caloscypha	Caloscypha fulgens
Basidiomycota	Agaricomycetes	Boletales	Calostomataceae	Calostoma	Calostoma cinnabarinum
Basidiomycota	Agaricomycetes	Agaricales	Lycoperdaceae	Calvatia	Calvatia cyathiformis
Basidiomycota	Agaricomycetes	Agaricales	Lycoperdaceae	Calvatia	Calvatia gigantea
Ascomycota	Leotiomycetes	Helotiales	Pezizellaceae	Calycina	Calycina citrina
Ascomycota	Candelariomycetes	Candelariales	Candelariaceae	Candelaria	Candelaria concolor
Ascomycota	Candelariomycetes	Candelariales	Candelariaceae	Candelariella	Candelariella aurella
Ascomycota	Candelariomycetes	Candelariales	Candelariaceae	Candelariella	Candelariella vitellina
Basidiomycota	Agaricomycetes	Agaricales	Psathyrellaceae	Candolleomyces	Candolleomyces candolleanus
Basidiomycota	Agaricomycetes	Cantharellales	Hydnaceae	Cantharellus	Cantharellus cibarius
Basidiomycota	Agaricomycetes	Cantharellales	Hydnaceae	Cantharellus	Cantharellus cinnabarinus
Basidiomycota	Agaricomycetes	Cantharellales	Hydnaceae	Cantharellus	Cantharellus formosus
Basidiomycota	Agaricomycetes	Cantharellales	Hydnaceae	Cantharellus	Cantharellus lateritius
Basidiomycota	Agaricomycetes	Cantharellales	Hydnaceae	Cantharellus	Cantharellus pallens
Basidiomycota	Agaricomycetes	Agaricales	Tricholomataceae	Caulorhiza	Caulorhiza umbonata
Basidiomycota	Agaricomycetes	Polyporales	Polyporaceae	Cerioporus	Cerioporus leptocephalus
Basidiomycota	Agaricomycetes	Polyporales	Polyporaceae	Cerioporus	Cerioporus squamosus
Basidiomycota	Agaricomycetes	Polyporales	Polyporaceae	Cerioporus	Cerioporus varius
Basidiomycota	Agaricomycetes	Polyporales	Cerrenaceae	Cerrena	Cerrena hydnoides
Basidiomycota	Agaricomycetes	Polyporales	Cerrenaceae	Cerrena	Cerrena unicolor
Ascomycota	Lecanoromycetes	Lecanorales	Parmeliaceae	Cetraria	Cetraria islandica
Basidiomycota	Agaricomycetes	Boletales	Boletaceae	Chalciporus	Chalciporus piperatus
Ascomycota	Leotiomycetes	Helotiales	Chlorociboriaceae	Chlorociboria	Chlorociboria aeruginascens
Basidiomycota	Agaricomycetes	Agaricales	Agaricaceae	Chlorophyllum	Chlorophyllum brunneum
Basidiomycota	Agaricomycetes	Agaricales	Agaricaceae	Chlorophyllum	Chlorophyllum molybdites
Basidiomycota	Agaricomycetes	Agaricales	Agaricaceae	Chlorophyllum	Chlorophyllum olivieri
Basidiomycota	Agaricomycetes	Agaricales	Agaricaceae	Chlorophyllum	Chlorophyllum rhacodes
Basidiomycota	Agaricomycetes	Agaricales	Cyphellaceae	Chondrostereum	Chondrostereum purpureum
Basidiomycota	Agaricomycetes	Agaricales	Chromocyphellaceae	Chromocyphella	Chromocyphella muscicola
Basidiomycota	Agaricomycetes	Boletales	Gomphidiaceae	Chroogomphus	Chroogomphus rutilus
Ascomycota	Arthoniomycetes	Arthoniales	Chrysotrichaceae	Chrysothrix	Chrysothrix candelaris
Ascomycota	Lecanoromycetes	Pertusariales	Megasporaceae	Circinaria	Circinaria contorta
Ascomycota	Lecanoromycetes	Lecanorales	Cladoniaceae	Cladonia	Cladonia arbuscula
Ascomycota	Lecanoromycetes	Lecanorales	Cladoniaceae	Cladonia	Cladonia coccifera
Ascomycota	Lecanoromycetes	Lecanorales	Cladoniaceae	Cladonia	Cladonia coniocraea
Ascomycota	Lecanoromycetes	Lecanorales	Cladoniaceae	Cladonia	Cladonia cristatella
Ascomycota	Lecanoromycetes	Lecanorales	Cladoniaceae	Cladonia	Cladonia digitata
Ascomycota	Lecanoromycetes	Lecanorales	Cladoniaceae	Cladonia	Cladonia evansii
Ascomycota	Lecanoromycetes	Lecanorales	Cladoniaceae	Cladonia	Cladonia fimbriata
Ascomycota	Lecanoromycetes	Lecanorales	Cladoniaceae	Cladonia	Cladonia floerkeana
Ascomycota	Lecanoromycetes	Lecanorales	Cladoniaceae	Cladonia	Cladonia foliacea
Ascomycota	Lecanoromycetes	Lecanorales	Cladoniaceae	Cladonia	Cladonia furcata
Ascomycota	Lecanoromycetes	Lecanorales	Cladoniaceae	Cladonia	Cladonia gracilis
Ascomycota	Lecanoromycetes	Lecanorales	Cladoniaceae	Cladonia	Cladonia grayi
Ascomycota	Lecanoromycetes	Lecanorales	Cladoniaceae	Cladonia	Cladonia humilis
Ascomycota	Lecanoromycetes	Lecanorales	Cladoniaceae	Cladonia	Cladonia macilenta
Ascomycota	Lecanoromycetes	Lecanorales	Cladoniaceae	Cladonia	Cladonia portentosa
Ascomycota	Lecanoromycetes	Lecanorales	Cladoniaceae	Cladonia	Cladonia ramulosa
Ascomycota	Lecanoromycetes	Lecanorales	Cladoniaceae	Cladonia	Cladonia rangiferina
Ascomycota	Lecanoromycetes	Lecanorales	Cladoniaceae	Cladonia	Cladonia rangiformis
Ascomycota	Lecanoromycetes	Lecanorales	Cladoniaceae	Cladonia	Cladonia scabriuscula
Ascomycota	Lecanoromycetes	Lecanorales	Cladoniaceae	Cladonia	Cladonia stellaris
Ascomycota	Lecanoromycetes	Lecanorales	Cladoniaceae	Cladonia	Cladonia subtenuis
Ascomycota	Lecanoromycetes	Lecanorales	Cladoniaceae	Cladonia	Cladonia uncialis
Basidiomycota	Agaricomycetes	Phallales	Phallaceae	Clathrus	Clathrus archeri
Basidiomycota	Agaricomycetes	Phallales	Phallaceae	Clathrus	Clathrus columnatus
Basidiomycota	Agaricomycetes	Phallales	Phallaceae	Clathrus	Clathrus crispatus
Basidiomycota	Agaricomycetes	Phallales	Phallaceae	Clathrus	Clathrus ruber
Basidiomycota	Agaricomycetes	Agaricales	Clavariaceae	Clavaria	Clavaria argillacea
Basidiomycota	Agaricomycetes	Agaricales	Clavariaceae	Clavaria	Clavaria fragilis
Basidiomycota	Agaricomycetes	Agaricales	Clavariaceae	Clavaria	Clavaria zollingeri
Basidiomycota	Agaricomycetes	Cantharellales	Hydnaceae	Clavulina	Clavulina coralloides
Basidiomycota	Agaricomycetes	Cantharellales	Hydnaceae	Clavulina	Clavulina rugosa
Basidiomycota	Agaricomycetes	Agaricales	Clavariaceae	Clavulinopsis	Clavulinopsis corniculata
Basidiomycota	Agaricomycetes	Agaricales	Clavariaceae	Clavulinopsis	Clavulinopsis fusiformis
Basidiomycota	Agaricomycetes	Polyporales	Meruliaceae	Climacodon	Climacodon septentrionalis
Basidiomycota	Agaricomycetes	Agaricales	Tricholomataceae	Clitocybe	Clitocybe fragrans
Basidiomycota	Agaricomycetes	Agaricales	Tricholomataceae	Clitocybe	Clitocybe nebularis
Basidiomycota	Agaricomycetes	Agaricales	Tricholomataceae	Clitocybe	Clitocybe odora
Basidiomycota	Agaricomycetes	Agaricales	Entolomataceae	Clitopilus	Clitopilus prunulus
Basidiomycota	Pucciniomycetes	Pucciniales	Coleosporiaceae	Coleosporium	Coleosporium tussilaginis
Basidiomycota	Agaricomycetes	Agaricales	Omphalotaceae	Collybiopsis	Collybiopsis confluens
Basidiomycota	Agaricomycetes	Agaricales	Omphalotaceae	Collybiopsis	Collybiopsis peronata
Basidiomycota	Agaricomycetes	Hymenochaetales	Hymenochaetaceae	Coltricia	Coltricia perennis
Basidiomycota	Agaricomycetes	Agaricales	Bolbitiaceae	Conocybe	Conocybe apala
Ascomycota	Pezizomycetes	Pezizales	Sarcoscyphaceae	Cookeina	Cookeina speciosa
Ascomycota	Pezizomycetes	Pezizales	Sarcoscyphaceae	Cookeina	Cookeina tricholoma
Basidiomycota	Agaricomycetes	Agaricales	Psathyrellaceae	Coprinellus	Coprinellus disseminatus
Basidiomycota	Agaricomycetes	Agaricales	Psathyrellaceae	Coprinellus	Coprinellus micaceus
Basidiomycota	Agaricomycetes	Agaricales	Psathyrellaceae	Coprinopsis	Coprinopsis atramentaria
Basidiomycota	Agaricomycetes	Agaricales	Psathyrellaceae	Coprinopsis	Coprinopsis lagopus
Basidiomycota	Agaricomycetes	Agaricales	Psathyrellaceae	Coprinopsis	Coprinopsis picacea
Basidiomycota	Agaricomycetes	Agaricales	Psathyrellaceae	Coprinopsis	Coprinopsis variegata
Basidiomycota	Agaricomycetes	Agaricales	Agaricaceae	Coprinus	Coprinus comatus
Ascomycota	Sordariomycetes	Hypocreales	Cordycipitaceae	Cordyceps	Cordyceps militaris
Basidiomycota	Agaricomycetes	Agaricales	Cortinariaceae	Cortinarius	Cortinarius archeri
Basidiomycota	Agaricomycetes	Agaricales	Cortinariaceae	Cortinarius	Cortinarius armillatus
Basidiomycota	Agaricomycetes	Agaricales	Cortinariaceae	Cortinarius	Cortinarius austrovenetus
Basidiomycota	Agaricomycetes	Agaricales	Cortinariaceae	Cortinarius	Cortinarius bolaris
Basidiomycota	Agaricomycetes	Agaricales	Cortinariaceae	Cortinarius	Cortinarius caperatus
Basidiomycota	Agaricomycetes	Agaricales	Cortinariaceae	Cortinarius	Cortinarius iodes
Basidiomycota	Agaricomycetes	Agaricales	Cortinariaceae	Cortinarius	Cortinarius rotundisporus
Basidiomycota	Agaricomycetes	Agaricales	Cortinariaceae	Cortinarius	Cortinarius semisanguineus
Basidiomycota	Agaricomycetes	Agaricales	Cortinariaceae	Cortinarius	Cortinarius trivialis
Basidiomycota	Agaricomycetes	Agaricales	Cortinariaceae	Cortinarius	Cortinarius violaceus
Basidiomycota	Agaricomycetes	Cantharellales	Hydnaceae	Craterellus	Craterellus cornucopioides
Basidiomycota	Agaricomycetes	Cantharellales	Hydnaceae	Craterellus	Craterellus tubaeformis
Basidiomycota	Agaricomycetes	Agaricales	Crepidotaceae	Crepidotus	Crepidotus mollis
Basidiomycota	Agaricomycetes	Agaricales	Marasmiaceae	Crinipellis	Crinipellis scabella
Basidiomycota	Agaricomycetes	Agaricales	Nidulariaceae	Crucibulum	Crucibulum crucibuliforme
Basidiomycota	Agaricomycetes	Agaricales	Nidulariaceae	Crucibulum	Crucibulum laeve
Basidiomycota	Agaricomycetes	Agaricales	Mycenaceae	Cruentomycena	Cruentomycena viscidocruenta
Basidiomycota	Agaricomycetes	Polyporales	Polyporaceae	Cryptoporus	Cryptoporus volvatus
Basidiomycota	Agaricomycetes	Agaricales	Hygrophoraceae	Cuphophyllus	Cuphophyllus pratensis
Basidiomycota	Agaricomycetes	Agaricales	Hygrophoraceae	Cuphophyllus	Cuphophyllus virgineus
Basidiomycota	Agaricomycetes	Polyporales	Polyporaceae	Cyanosporus	Cyanosporus caesius
Basidiomycota	Agaricomycetes	Agaricales	Agaricaceae	Cyathus	Cyathus olla
Basidiomycota	Agaricomycetes	Agaricales	Agaricaceae	Cyathus	Cyathus stercoreus
Basidiomycota	Agaricomycetes	Agaricales	Agaricaceae	Cyathus	Cyathus striatus
Basidiomycota	Agaricomycetes	Agaricales	Tubariaceae	Cyclocybe	Cyclocybe cylindracea
Basidiomycota	Agaricomycetes	Agaricales	Tubariaceae	Cyclocybe	Cyclocybe parasitica
Basidiomycota	Agaricomycetes	Agaricales	Physalacriaceae	Cylindrobasidium	Cylindrobasidium evolvens
Basidiomycota	Agaricomycetes	Agaricales	Physalacriaceae	Cyptotrama	Cyptotrama asprata
Basidiomycota	Agaricomycetes	Agaricales	Tricholomataceae	Cystoderma	Cystoderma amianthinum
Basidiomycota	Dacrymycetes	Dacrymycetales	Dacrymycetaceae	Dacrymyces	Dacrymyces chrysospermus
Basidiomycota	Dacrymycetes	Dacrymycetales	Dacrymycetaceae	Dacrymyces	Dacrymyces spathularius
Basidiomycota	Dacrymycetes	Dacrymycetales	Dacrymycetaceae	Dacrymyces	Dacrymyces stillatus
Basidiomycota	Agaricomycetes	Polyporales	Fomitopsidaceae	Daedalea	Daedalea quercina
Basidiomycota	Agaricomycetes	Polyporales	Fomitopsidaceae	Daedalea	Daedalea xantha
Basidiomycota	Agaricomycetes	Polyporales	Polyporaceae	Daedaleopsis	Daedaleopsis confragosa
Basidiomycota	Agaricomycetes	Polyporales	Polyporaceae	Daedaleopsis	Daedaleopsis tricolor
Ascomycota	Sordariomycetes	Xylariales	Hypoxylaceae	Daldinia	Daldinia concentrica
Basidiomycota	Agaricomycetes	Agaricales	Strophariaceae	Deconica	Deconica montana
Basidiomycota	Agaricomycetes	Agaricales	Physalacriaceae	Desarmillaria	Desarmillaria caespitosa
Ascomycota	Lecanoromycetes	Pertusariales	Icmadophilaceae	Dibaeis	Dibaeis baeomyces
Ascomycota	Lecanoromycetes	Caliciales	Caliciaceae	Diploicia	Diploicia canescens
Ascomycota	Lecanoromycetes	Lecanorales	Parmeliaceae	Dolichousnea	Dolichousnea longissima
Basidiomycota	Agaricomycetes	Auriculariales		Ductifera	Ductifera pululahuana
Basidiomycota	Agaricomycetes	Agaricales	Agaricaceae	Echinoderma	Echinoderma asperum
Basidiomycota	Agaricomycetes	Agaricales	Entolomataceae	Entoloma	Entoloma abortivum
Basidiomycota	Agaricomycetes	Agaricales	Entolomataceae	Entoloma	Entoloma hochstetteri
Basidiomycota	Agaricomycetes	Agaricales	Entolomataceae	Entoloma	Entoloma murrayi
Basidiomycota	Agaricomycetes	Agaricales	Entolomataceae	Entoloma	Entoloma quadratum
Basidiomycota	Agaricomycetes	Agaricales	Entolomataceae	Entoloma	Entoloma sericeum
Ascomycota	Leotiomycetes	Helotiales	Erysiphaceae	Erysiphe	Erysiphe alphitoides
Ascomycota	Leotiomycetes	Helotiales	Erysiphaceae	Erysiphe	Erysiphe euonymicola
Ascomycota	Lecanoromycetes	Lecanorales	Parmeliaceae	Evernia	Evernia mesomorpha
Ascomycota	Lecanoromycetes	Lecanorales	Parmeliaceae	Evernia	Evernia prunastri
Basidiomycota	Agaricomycetes	Auriculariales	Auriculariaceae	Exidia	Exidia glandulosa
Basidiomycota	Tremellomycetes	Tremellales	Exidiaceae	Exidia	Exidia glandulosa
Basidiomycota	Agaricomycetes	Auriculariales	Auriculariaceae	Exidia	Exidia nigricans
Basidiomycota	Agaricomycetes	Auriculariales	Auriculariaceae	Exidia	Exidia recisa
Basidiomycota	Agaricomycetes	Auriculariales	Auriculariaceae	Exidia	Exidia thuretiana
Basidiomycota	Agaricomycetes	Auriculariales	Auriculariaceae	Exidiopsis	Exidiopsis effusa
Basidiomycota	Tremellomycetes	Tremellales	Exidiaceae	Exidiopsis	Exidiopsis effusa
Basidiomycota	Exobasidiomycetes	Exobasidiales	Exobasidiaceae	Exobasidium	Exobasidium vaccinii
Basidiomycota	Agaricomycetes	Agaricales	Mycenaceae	Favolaschia	Favolaschia claudopus
Basidiomycota	Agaricomycetes	Polyporales	Polyporaceae	Favolus	Favolus tenuiculus
Basidiomycota	Agaricomycetes	Agaricales	Fistulinaceae	Fistulina	Fistulina hepatica
Basidiomycota	Agaricomycetes	Agaricales	Physalacriaceae	Flammulina	Flammulina velutipes
Ascomycota	Lecanoromycetes	Lecanorales	Parmeliaceae	Flavoparmelia	Flavoparmelia caperata
Ascomycota	Lecanoromycetes	Lecanorales	Parmeliaceae	Flavoparmelia	Flavoparmelia soredians
Basidiomycota	Agaricomycetes	Polyporales	Polyporaceae	Fomes	Fomes fomentarius
Basidiomycota	Agaricomycetes	Hymenochaetales	Hymenochaetaceae	Fomitiporia	Fomitiporia punctata
Basidiomycota	Agaricomycetes	Hymenochaetales	Hymenochaetaceae	Fomitiporia	Fomitiporia robusta
Basidiomycota	Agaricomycetes	Polyporales	Fomitopsidaceae	Fomitopsis	Fomitopsis betulina
Basidiomycota	Agaricomycetes	Polyporales	Fomitopsidaceae	Fomitopsis	Fomitopsis mounceae
Basidiomycota	Agaricomycetes	Polyporales	Fomitopsidaceae	Fomitopsis	Fomitopsis ochracea
Basidiomycota	Agaricomycetes	Polyporales	Fomitopsidaceae	Fomitopsis	Fomitopsis pinicola
Basidiomycota	Agaricomycetes	Agaricales	Hymenogastraceae	Galerina	Galerina marginata
Ascomycota	Pezizomycetes	Pezizales	Sarcosomataceae	Galiella	Galiella rufa
Basidiomycota	Agaricomycetes	Polyporales	Polyporaceae	Ganoderma	Ganoderma adspersum
Basidiomycota	Agaricomycetes	Polyporales	Polyporaceae	Ganoderma	Ganoderma applanatum
Basidiomycota	Agaricomycetes	Polyporales	Polyporaceae	Ganoderma	Ganoderma brownii
Basidiomycota	Agaricomycetes	Polyporales	Polyporaceae	Ganoderma	Ganoderma curtisii
Basidiomycota	Agaricomycetes	Polyporales	Polyporaceae	Ganoderma	Ganoderma lucidum
Basidiomycota	Agaricomycetes	Polyporales	Polyporaceae	Ganoderma	Ganoderma oregonense
Basidiomycota	Agaricomycetes	Polyporales	Polyporaceae	Ganoderma	Ganoderma resinaceum
Basidiomycota	Agaricomycetes	Polyporales	Polyporaceae	Ganoderma	Ganoderma tsugae
Basidiomycota	Agaricomycetes	Geastrales	Geastraceae	Geastrum	Geastrum fimbriatum
Basidiomycota	Agaricomycetes	Geastrales	Geastraceae	Geastrum	Geastrum saccatum
Basidiomycota	Agaricomycetes	Geastrales	Geastraceae	Geastrum	Geastrum striatum
Basidiomycota	Agaricomycetes	Geastrales	Geastraceae	Geastrum	Geastrum triplex
Ascomycota	Lecanoromycetes	Lecanorales	Lecanoraceae	Glaucomaria	Glaucomaria carpinea
Basidiomycota	Agaricomycetes	Agaricales	Hygrophoraceae	Gliophorus	Gliophorus laetus
Basidiomycota	Agaricomycetes	Agaricales	Hygrophoraceae	Gliophorus	Gliophorus psittacinus
Basidiomycota	Agaricomycetes	Gloeophyllales	Gloeophyllaceae	Gloeophyllum	Gloeophyllum odoratum
Basidiomycota	Agaricomycetes	Gloeophyllales	Gloeophyllaceae	Gloeophyllum	Gloeophyllum sepiarium
Basidiomycota	Agaricomycetes	Boletales	Gomphidiaceae	Gomphidius	Gomphidius glutinosus
Basidiomycota	Agaricomycetes	Gomphales	Gomphaceae	Gomphus	Gomphus clavatus
Ascomycota	Lecanoromycetes	Ostropales	Graphidaceae	Graphis	Graphis scripta
Basidiomycota	Agaricomycetes	Polyporales	Grifolaceae	Grifola	Grifola frondosa
Basidiomycota	Agaricomycetes	Auriculariales		Guepinia	Guepinia helvelloides
Basidiomycota	Dacrymycetes	Dacrymycetales	Dacrymycetaceae	Guepiniopsis	Guepiniopsis alpina
Ascomycota	Lecanoromycetes	Teloschistales	Teloschistaceae	Gyalolechia	Gyalolechia flavovirescens
Basidiomycota	Agaricomycetes	Agaricales	Hymenogastraceae	Gymnopilus	Gymnopilus junonius
Basidiomycota	Agaricomycetes	Agaricales	Hymenogastraceae	Gymnopilus	Gymnopilus penetrans
Basidiomycota	Agaricomycetes	Agaricales	Hymenogastraceae	Gymnopilus	Gymnopilus ventricosus
Basidiomycota	Agaricomycetes	Agaricales	Omphalotaceae	Gymnopus	Gymnopus androsaceus
Basidiomycota	Agaricomycetes	Agaricales	Omphalotaceae	Gymnopus	Gymnopus brassicolens
Basidiomycota	Agaricomycetes	Agaricales	Omphalotaceae	Gymnopus	Gymnopus dryophilus
Basidiomycota	Agaricomycetes	Agaricales	Omphalotaceae	Gymnopus	Gymnopus fusipes
Basidiomycota	Pucciniomycetes	Pucciniales	Gymnosporangiaceae	Gymnosporangium	Gymnosporangium clavariiforme
Basidiomycota	Pucciniomycetes	Pucciniales	Gymnosporangiaceae	Gymnosporangium	Gymnosporangium juniperi-virginianae
Basidiomycota	Pucciniomycetes	Pucciniales	Gymnosporangiaceae	Gymnosporangium	Gymnosporangium sabinae
Ascomycota	Pezizomycetes	Pezizales	Discinaceae	Gyromitra	Gyromitra esculenta
Ascomycota	Pezizomycetes	Pezizales	Discinaceae	Gyromitra	Gyromitra gigas
Ascomycota	Pezizomycetes	Pezizales	Discinaceae	Gyromitra	Gyromitra infula
Basidiomycota	Agaricomycetes	Boletales	Gyroporaceae	Gyroporus	Gyroporus castaneus
Basidiomycota	Agaricomycetes	Polyporales	Phanerochaetaceae	Hapalopilus	Hapalopilus rutilans
Basidiomycota	Atractiellomycetes	Atractiellales	Phleogenaceae	Helicogloea	Helicogloea compressa
Ascomycota	Pezizomycetes	Pezizales	Helvellaceae	Helvella	Helvella acetabulum
Ascomycota	Pezizomycetes	Pezizales	Helvellaceae	Helvella	Helvella crispa
Ascomycota	Pezizomycetes	Pezizales	Helvellaceae	Helvella	Helvella dryophila
Ascomycota	Pezizomycetes	Pezizales	Helvellaceae	Helvella	Helvella lacunosa
Ascomycota	Pezizomycetes	Pezizales	Helvellaceae	Helvella	Helvella vespertina
Basidiomycota	Agaricomycetes	Russulales	Hericiaceae	Hericium	Hericium americanum
Basidiomycota	Agaricomycetes	Russulales	Hericiaceae	Hericium	Hericium coralloides
Basidiomycota	Agaricomycetes	Russulales	Hericiaceae	Hericium	Hericium erinaceus
Ascomycota	Arthoniomycetes	Arthoniales	Arthoniaceae	Herpothallon	Herpothallon rubrocinctum
Ascomycota	Laboulbeniomycetes	Laboulbeniales	Laboulbeniaceae	Hesperomyces	Hesperomyces harmoniae
Basidiomycota	Agaricomycetes	Russulales	Bondarzewiaceae	Heterobasidion	Heterobasidion annosum
Basidiomycota	Agaricomycetes	Boletales	Boletaceae	Hortiboletus	Hortiboletus rubellus
Ascomycota	Pezizomycetes	Pezizales	Pyronemataceae	Humaria	Humaria hemisphaerica
Basidiomycota	Agaricomycetes	Agaricales	Hygrophoraceae	Humidicutis	Humidicutis marginata
Basidiomycota	Agaricomycetes	Thelephorales	Bankeraceae	Hydnellum	Hydnellum peckii
Basidiomycota	Agaricomycetes	Hymenochaetales	Hymenochaetaceae	Hydnoporia	Hydnoporia tabacina
Basidiomycota	Agaricomycetes	Cantharellales	Hydnaceae	Hydnum	Hydnum repandum
Basidiomycota	Agaricomycetes	Cantharellales	Hydnaceae	Hydnum	Hydnum rufescens
Basidiomycota	Agaricomycetes	Agaricales	Hygrophoraceae	Hygrocybe	Hygrocybe acutoconica
Basidiomycota	Agaricomycetes	Agaricales	Hygrophoraceae	Hygrocybe	Hygrocybe cantharellus
Basidiomycota	Agaricomycetes	Agaricales	Hygrophoraceae	Hygrocybe	Hygrocybe ceracea
Basidiomycota	Agaricomycetes	Agaricales	Hygrophoraceae	Hygrocybe	Hygrocybe chlorophana
Basidiomycota	Agaricomycetes	Agaricales	Hygrophoraceae	Hygrocybe	Hygrocybe coccinea
Basidiomycota	Agaricomycetes	Agaricales	Hygrophoraceae	Hygrocybe	Hygrocybe conica
Basidiomycota	Agaricomycetes	Agaricales	Hygrophoraceae	Hygrocybe	Hygrocybe flavescens
Basidiomycota	Agaricomycetes	Agaricales	Hygrophoraceae	Hygrocybe	Hygrocybe miniata
Basidiomycota	Agaricomycetes	Agaricales	Hygrophoraceae	Hygrocybe	Hygrocybe punicea
Basidiomycota	Agaricomycetes	Agaricales	Hygrophoraceae	Hygrocybe	Hygrocybe singeri
Basidiomycota	Agaricomycetes	Boletales	Hygrophoropsidaceae	Hygrophoropsis	Hygrophoropsis aurantiaca
Basidiomycota	Agaricomycetes	Agaricales	Hygrophoraceae	Hygrophorus	Hygrophorus eburneus
Basidiomycota	Agaricomycetes	Agaricales	Hygrophoraceae	Hygrophorus	Hygrophorus hypothejus
Basidiomycota	Agaricomycetes	Hymenochaetales	Hymenochaetaceae	Hymenochaete	Hymenochaete rubiginosa
Basidiomycota	Agaricomycetes	Agaricales	Physalacriaceae	Hymenopellis	Hymenopellis furfuracea
Basidiomycota	Agaricomycetes	Agaricales	Physalacriaceae	Hymenopellis	Hymenopellis radicata
Ascomycota	Lecanoromycetes	Caliciales	Physciaceae	Hyperphyscia	Hyperphyscia adglutinata
Basidiomycota	Agaricomycetes	Agaricales	Strophariaceae	Hypholoma	Hypholoma capnoides
Basidiomycota	Agaricomycetes	Agaricales	Strophariaceae	Hypholoma	Hypholoma fasciculare
Basidiomycota	Agaricomycetes	Agaricales	Strophariaceae	Hypholoma	Hypholoma lateritium
Ascomycota	Lecanoromycetes	Umbilicariales	Ophioparmaceae	Hypocenomyce	Hypocenomyce scalaris
Ascomycota	Lecanoromycetes	Lecanorales	Parmeliaceae	Hypogymnia	Hypogymnia physodes
Ascomycota	Lecanoromycetes	Lecanorales	Parmeliaceae	Hypogymnia	Hypogymnia tubulosa
Ascomycota	Sordariomycetes	Hypocreales	Hypocreaceae	Hypomyces	Hypomyces chrysospermus
Ascomycota	Sordariomycetes	Hypocreales	Hypocreaceae	Hypomyces	Hypomyces lactifluorum
Ascomycota	Lecanoromycetes	Lecanorales	Parmeliaceae	Hypotrachyna	Hypotrachyna afrorevoluta
Ascomycota	Lecanoromycetes	Lecanorales	Parmeliaceae	Hypotrachyna	Hypotrachyna revoluta
Ascomycota	Sordariomycetes	Xylariales	Hypoxylaceae	Hypoxylon	Hypoxylon fragiforme
Ascomycota	Sordariomycetes	Xylariales	Hypoxylaceae	Hypoxylon	Hypoxylon fuscum
Ascomycota	Lecanoromycetes	Pertusariales	Icmadophilaceae	Icmadophila	Icmadophila ericetorum
Basidiomycota	Agaricomycetes	Phallales	Phallaceae	Ileodictyon	Ileodictyon cibarium
Ascomycota	Sordariomycetes	Hypocreales		Illosporiopsis	Illosporiopsis christiansenii
Basidiomycota	Agaricomycetes	Boletales	Boletaceae	Imleria	Imleria badia
Basidiomycota	Agaricomycetes	Agaricales	Tricholomataceae	Infundibulicybe	Infundibulicybe geotropa
Basidiomycota	Agaricomycetes	Agaricales	Tricholomataceae	Infundibulicybe	Infundibulicybe gibba
Basidiomycota	Agaricomycetes	Agaricales	Inocybaceae	Inocybe	Inocybe geophylla
Basidiomycota	Agaricomycetes	Hymenochaetales	Hymenochaetaceae	Inonotus	Inonotus hispidus
Basidiomycota	Agaricomycetes	Hymenochaetales	Hymenochaetaceae	Inonotus	Inonotus obliquus
Basidiomycota	Agaricomycetes	Polyporales	Irpicaceae	Irpex	Irpex lacteus
Basidiomycota	Agaricomycetes	Polyporales	Meruliaceae	Irpiciporus	Irpiciporus pachyodon
Basidiomycota	Agaricomycetes	Polyporales	Ischnodermataceae	Ischnoderma	Ischnoderma benzoinum
Basidiomycota	Agaricomycetes	Polyporales	Ischnodermataceae	Ischnoderma	Ischnoderma resinosum
Ascomycota	Sordariomycetes	Xylariales	Hypoxylaceae	Jackrogersella	Jackrogersella multiformis
Ascomycota	Sordariomycetes	Xylariales	Xylariaceae	Kretzschmaria	Kretzschmaria deusta
Basidiomycota	Agaricomycetes	Agaricales	Strophariaceae	Kuehneromyces	Kuehneromyces mutabilis
Basidiomycota	Agaricomycetes	Agaricales	Hydnangiaceae	Laccaria	Laccaria amethysteo-occidentalis
Basidiomycota	Agaricomycetes	Agaricales	Hydnangiaceae	Laccaria	Laccaria amethystina
Basidiomycota	Agaricomycetes	Agaricales	Hydnangiaceae	Laccaria	Laccaria laccata
Basidiomycota	Agaricomycetes	Agaricales	Hydnangiaceae	Laccaria	Laccaria ochropurpurea
Basidiomycota	Agaricomycetes	Agaricales	Hydnangiaceae	Laccaria	Laccaria proxima
Ascomycota	Leotiomycetes	Helotiales	Lachnaceae	Lachnum	Lachnum virgineum
Basidiomycota	Agaricomycetes	Agaricales	Psathyrellaceae	Lacrymaria	Lacrymaria lacrymabunda
Basidiomycota	Agaricomycetes	Russulales	Russulaceae	Lactarius	Lactarius alnicola
Basidiomycota	Agaricomycetes	Russulales	Russulaceae	Lactarius	Lactarius blennius
Basidiomycota	Agaricomycetes	Russulales	Russulaceae	Lactarius	Lactarius chrysorrheus
Basidiomycota	Agaricomycetes	Russulales	Russulaceae	Lactarius	Lactarius controversus
Basidiomycota	Agaricomycetes	Russulales	Russulaceae	Lactarius	Lactarius deliciosus
Basidiomycota	Agaricomycetes	Russulales	Russulaceae	Lactarius	Lactarius deterrimus
Basidiomycota	Agaricomycetes	Russulales	Russulaceae	Lactarius	Lactarius eucalypti
Basidiomycota	Agaricomycetes	Russulales	Russulaceae	Lactarius	Lactarius hepaticus
Basidiomycota	Agaricomycetes	Russulales	Russulaceae	Lactarius	Lactarius indigo
Basidiomycota	Agaricomycetes	Russulales	Russulaceae	Lactarius	Lactarius necator
Basidiomycota	Agaricomycetes	Russulales	Russulaceae	Lactarius	Lactarius pubescens
Basidiomycota	Agaricomycetes	Russulales	Russulaceae	Lactarius	Lactarius quietus
Basidiomycota	Agaricomycetes	Russulales	Russulaceae	Lactarius	Lactarius rubidus
Basidiomycota	Agaricomycetes	Russulales	Russulaceae	Lactarius	Lactarius rufus
Basidiomycota	Agaricomycetes	Russulales	Russulaceae	Lactarius	Lactarius torminosus
Basidiomycota	Agaricomycetes	Russulales	Russulaceae	Lactarius	Lactarius turpis
Basidiomycota	Agaricomycetes	Russulales	Russulaceae	Lactarius	Lactarius xanthogalactus
Basidiomycota	Agaricomycetes	Russulales	Russulaceae	Lactifluus	Lactifluus volemus
Basidiomycota	Agaricomycetes	Polyporales	Laetiporaceae	Laetiporus	Laetiporus conifericola
Basidiomycota	Agaricomycetes	Polyporales	Laetiporaceae	Laetiporus	Laetiporus gilbertsonii
Basidiomycota	Agaricomycetes	Polyporales	Laetiporaceae	Laetiporus	Laetiporus portentosus
Basidiomycota	Agaricomycetes	Polyporales	Laetiporaceae	Laetiporus	Laetiporus sulphureus
Ascomycota	Lecanoromycetes	Umbilicariales	Umbilicariaceae	Lasallia	Lasallia papulosa
Ascomycota	Lecanoromycetes	Umbilicariales	Umbilicariaceae	Lasallia	Lasallia pustulata
Ascomycota	Lecanoromycetes	Lecanorales	Lecanoraceae	Lecanora	Lecanora barkmaniana
Ascomycota	Lecanoromycetes	Lecanorales	Lecanoraceae	Lecanora	Lecanora campestris
Ascomycota	Lecanoromycetes	Lecanorales	Lecanoraceae	Lecanora	Lecanora chlarotera
Basidiomycota	Agaricomycetes	Boletales	Boletaceae	Leccinum	Leccinum albostipitatum
Basidiomycota	Agaricomycetes	Boletales	Boletaceae	Leccinum	Leccinum aurantiacum
Basidiomycota	Agaricomycetes	Boletales	Boletaceae	Leccinum	Leccinum scabrum
Basidiomycota	Agaricomycetes	Boletales	Boletaceae	Leccinum	Leccinum versipelle
Ascomycota	Lecanoromycetes	Lecanorales	Lecanoraceae	Lecidella	Lecidella elaeochroma
Ascomycota	Lecanoromycetes	Lecanorales	Lecanoraceae	Lecidella	Lecidella stigmatea
Basidiomycota	Agaricomycetes	Russulales	Auriscalpiaceae	Lentinellus	Lentinellus ursinus
Basidiomycota	Agaricomycetes	Polyporales	Polyporaceae	Lentinus	Lentinus arcularius
Basidiomycota	Agaricomycetes	Polyporales	Polyporaceae	Lentinus	Lentinus brumalis
Basidiomycota	Agaricomycetes	Polyporales	Polyporaceae	Lentinus	Lentinus crinitus
Basidiomycota	Agaricomycetes	Polyporales	Polyporaceae	Lentinus	Lentinus levis
Basidiomycota	Agaricomycetes	Polyporales	Polyporaceae	Lentinus	Lentinus substrictus
Basidiomycota	Agaricomycetes	Polyporales	Polyporaceae	Lentinus	Lentinus tigrinus
Basidiomycota	Agaricomycetes	Polyporales	Polyporaceae	Lenzites	Lenzites betulinus
Ascomycota	Leotiomycetes	Leotiales	Leotiaceae	Leotia	Leotia lubrica
Basidiomycota	Agaricomycetes	Agaricales	Agaricaceae	Lepiota	Lepiota cristata
Basidiomycota	Agaricomycetes	Agaricales	Agaricaceae	Lepiota	Lepiota magnispora
Basidiomycota	Agaricomycetes	Agaricales	Tricholomataceae	Lepista	Lepista nuda
Ascomycota	Lecanoromycetes	Pertusariales	Pertusariaceae	Lepra	Lepra amara
Ascomycota	Lecanoromycetes	Lecanorales	Stereocaulaceae	Lepraria	Lepraria incana
Ascomycota	Lecanoromycetes	Lecanorales	Stereocaulaceae	Lepraria	Lepraria lobificans
Basidiomycota	Agaricomycetes	Agaricales	Strophariaceae	Leratiomyces	Leratiomyces ceres
Basidiomycota	Agaricomycetes	Agaricales	Strophariaceae	Leratiomyces	Leratiomyces erythrocephalus
Basidiomycota	Agaricomycetes	Agaricales	Strophariaceae	Leratiomyces	Leratiomyces percevalii
Ascomycota	Lecanoromycetes	Lecanorales	Parmeliaceae	Letharia	Letharia columbiana
Ascomycota	Lecanoromycetes	Lecanorales	Parmeliaceae	Letharia	Letharia vulpina
Basidiomycota	Agaricomycetes	Agaricales	Agaricaceae	Leucoagaricus	Leucoagaricus americanus
Basidiomycota	Agaricomycetes	Agaricales	Agaricaceae	Leucoagaricus	Leucoagaricus leucothites
Basidiomycota	Agaricomycetes	Agaricales	Agaricaceae	Leucocoprinus	Leucocoprinus birnbaumii
Basidiomycota	Agaricomycetes	Agaricales	Agaricaceae	Leucocoprinus	Leucocoprinus cepistipes
Basidiomycota	Agaricomycetes	Agaricales	Agaricaceae	Leucocoprinus	Leucocoprinus fragilissimus
Basidiomycota	Agaricomycetes	Agaricales	Tricholomataceae	Leucopaxillus	Leucopaxillus gentianeus
Basidiomycota	Agaricomycetes	Agaricales	Hygrophoraceae	Lichenomphalia	Lichenomphalia chromacea
Ascomycota	Lecanoromycetes	Peltigerales	Lobariaceae	Lobaria	Lobaria anthraspis
Ascomycota	Lecanoromycetes	Peltigerales	Lobariaceae	Lobaria	Lobaria oregana
Ascomycota	Lecanoromycetes	Peltigerales	Lobariaceae	Lobaria	Lobaria pulmonaria
Ascomycota	Lecanoromycetes	Peltigerales	Lobariaceae	Lobarina	Lobarina scrobiculata
Basidiomycota	Agaricomycetes	Agaricales	Lycoperdaceae	Lycoperdon	Lycoperdon excipuliforme
Basidiomycota	Agaricomycetes	Agaricales	Agaricaceae	Lycoperdon	Lycoperdon marginatum
Basidiomycota	Agaricomycetes	Agaricales	Lycoperdaceae	Lycoperdon	Lycoperdon nigrescens
Basidiomycota	Agaricomycetes	Agaricales	Lycoperdaceae	Lycoperdon	Lycoperdon perlatum
Basidiomycota	Agaricomycetes	Agaricales	Lycoperdaceae	Lycoperdon	Lycoperdon pratense
Basidiomycota	Agaricomycetes	Agaricales	Lyophyllaceae	Lyophyllum	Lyophyllum decastes
Basidiomycota	Agaricomycetes	Phallales	Phallaceae	Lysurus	Lysurus mokusin
Basidiomycota	Agaricomycetes	Agaricales	Agaricaceae	Macrolepiota	Macrolepiota clelandii
Basidiomycota	Agaricomycetes	Agaricales	Agaricaceae	Macrolepiota	Macrolepiota procera
Basidiomycota	Agaricomycetes	Agaricales	Omphalotaceae	Marasmiellus	Marasmiellus candidus
Basidiomycota	Agaricomycetes	Agaricales	Marasmiaceae	Marasmius	Marasmius oreades
Basidiomycota	Agaricomycetes	Agaricales	Marasmiaceae	Marasmius	Marasmius plicatulus
Basidiomycota	Agaricomycetes	Agaricales	Marasmiaceae	Marasmius	Marasmius rotula
Basidiomycota	Agaricomycetes	Agaricales	Tricholomataceae	Megacollybia	Megacollybia platyphylla
Basidiomycota	Agaricomycetes	Agaricales	Tricholomataceae	Megacollybia	Megacollybia rodmanii
Ascomycota	Lecanoromycetes	Lecanorales	Parmeliaceae	Melanelixia	Melanelixia subaurifera
Ascomycota	Lecanoromycetes	Lecanorales	Parmeliaceae	Melanohalea	Melanohalea exasperatula
Basidiomycota	Agaricomycetes	Polyporales	Meripilaceae	Meripilus	Meripilus giganteus
Basidiomycota	Agaricomycetes	Polyporales	Meripilaceae	Meripilus	Meripilus sumstinei
Basidiomycota	Agaricomycetes	Polyporales	Polyporaceae	Microporus	Microporus xanthopus
Ascomycota	Leotiomycetes	Helotiales	Cenangiaceae	Mitrula	Mitrula paludosa
Ascomycota	Pezizomycetes	Pezizales	Morchellaceae	Morchella	Morchella americana
Ascomycota	Pezizomycetes	Pezizales	Morchellaceae	Morchella	Morchella esculenta
Ascomycota	Pezizomycetes	Pezizales	Morchellaceae	Morchella	Morchella semilibera
Basidiomycota	Agaricomycetes	Agaricales	Physalacriaceae	Mucidula	Mucidula mucida
Basidiomycota	Agaricomycetes	Cantharellales	Hydnaceae	Multiclavula	Multiclavula mucida
Basidiomycota	Agaricomycetes	Phallales	Phallaceae	Mutinus	Mutinus caninus
Basidiomycota	Agaricomycetes	Phallales	Phallaceae	Mutinus	Mutinus elegans
Basidiomycota	Agaricomycetes	Phallales	Phallaceae	Mutinus	Mutinus ravenelii
Basidiomycota	Agaricomycetes	Agaricales	Mycenaceae	Mycena	Mycena acicula
Basidiomycota	Agaricomycetes	Agaricales	Mycenaceae	Mycena	Mycena crocata
Basidiomycota	Agaricomycetes	Agaricales	Mycenaceae	Mycena	Mycena epipterygia
Basidiomycota	Agaricomycetes	Agaricales	Mycenaceae	Mycena	Mycena galericulata
Basidiomycota	Agaricomycetes	Agaricales	Mycenaceae	Mycena	Mycena galopus
Basidiomycota	Agaricomycetes	Agaricales	Mycenaceae	Mycena	Mycena haematopus
Basidiomycota	Agaricomycetes	Agaricales	Mycenaceae	Mycena	Mycena inclinata
Basidiomycota	Agaricomycetes	Agaricales	Mycenaceae	Mycena	Mycena interrupta
Basidiomycota	Agaricomycetes	Agaricales	Mycenaceae	Mycena	Mycena leaiana
Basidiomycota	Agaricomycetes	Agaricales	Mycenaceae	Mycena	Mycena leptocephala
Basidiomycota	Agaricomycetes	Agaricales	Mycenaceae	Mycena	Mycena pseudocorticola
Basidiomycota	Agaricomycetes	Agaricales	Mycenaceae	Mycena	Mycena pura
Basidiomycota	Agaricomycetes	Agaricales	Mycenaceae	Mycena	Mycena rosea
Basidiomycota	Agaricomycetes	Agaricales	Omphalotaceae	Mycetinis	Mycetinis alliaceus
Ascomycota	Dothideomycetes	Mycosphaerellales	Mycosphaerellaceae	Mycosphaerella	Mycosphaerella colorata
Basidiomycota	Agaricomycetes	Geastrales	Geastraceae	Myriostoma	Myriostoma coliforme
Basidiomycota	Agaricomycetes	Auriculariales	Hyaloriaceae	Myxarium	Myxarium nucleatum
Basidiomycota	Tremellomycetes	Tremellales	Naemateliaceae	Naematelia	Naematelia aurantia
Ascomycota	Sordariomycetes	Hypocreales	Nectriaceae	Nectria	Nectria cinnabarina
Basidiomycota	Agaricomycetes	Polyporales	Fomitopsidaceae	Neoantrodia	Neoantrodia serialis
Basidiomycota	Agaricomycetes	Boletales	Boletaceae	Neoboletus	Neoboletus erythropus
Basidiomycota	Agaricomycetes	Polyporales	Polyporaceae	Neofavolus	Neofavolus alveolaris
Basidiomycota	Agaricomycetes	Gloeophyllales	Gloeophyllaceae	Neolentinus	Neolentinus lepideus
Ascomycota	Lecanoromycetes	Lecanorales	Parmeliaceae	Nephromopsis	Nephromopsis nivalis
Ascomycota	Lecanoromycetes	Teloschistales	Teloschistaceae	Niorma	Niorma chrysophthalma
Basidiomycota	Agaricomycetes	Polyporales	Fomitopsidaceae	Niveoporofomes	Niveoporofomes spraguei
Ascomycota	Eurotiomycetes	Verrucariales	Verrucariaceae	Normandina	Normandina pulchella
Basidiomycota	Agaricomycetes	Agaricales	Omphalotaceae	Omphalotus	Omphalotus illudens
Basidiomycota	Agaricomycetes	Agaricales	Omphalotaceae	Omphalotus	Omphalotus nidiformis
Basidiomycota	Agaricomycetes	Agaricales	Omphalotaceae	Omphalotus	Omphalotus olivascens
Ascomycota	Pezizomycetes	Pezizales	Otideaceae	Otidea	Otidea onotica
Ascomycota	Lecanoromycetes	Teloschistales	Teloschistaceae	Oxneria	Oxneria fallax
Basidiomycota	Agaricomycetes	Hymenochaetales	Oxyporaceae	Oxyporus	Oxyporus populinus
Basidiomycota	Agaricomycetes	Agaricales	Bolbitiaceae	Panaeolina	Panaeolina foenisecii
Basidiomycota	Agaricomycetes	Agaricales	Bolbitiaceae	Panaeolus	Panaeolus antillarum
Basidiomycota	Agaricomycetes	Agaricales	Bolbitiaceae	Panaeolus	Panaeolus papilionaceus
Basidiomycota	Agaricomycetes	Agaricales	Bolbitiaceae	Panaeolus	Panaeolus semiovatus
Basidiomycota	Agaricomycetes	Agaricales	Mycenaceae	Panellus	Panellus longinquus
Basidiomycota	Agaricomycetes	Agaricales	Mycenaceae	Panellus	Panellus mitis
Basidiomycota	Agaricomycetes	Agaricales	Mycenaceae	Panellus	Panellus stipticus
Basidiomycota	Agaricomycetes	Polyporales	Panaceae	Panus	Panus conchatus
Basidiomycota	Agaricomycetes	Polyporales	Panaceae	Panus	Panus neostrigosus
Basidiomycota	Agaricomycetes	Agaricales	Tricholomataceae	Paralepista	Paralepista flaccida
Basidiomycota	Agaricomycetes	Agaricales	Psathyrellaceae	Parasola	Parasola plicatilis
Ascomycota	Lecanoromycetes	Lecanorales	Parmeliaceae	Parmelia	Parmelia saxatilis
Ascomycota	Lecanoromycetes	Lecanorales	Parmeliaceae	Parmelia	Parmelia sulcata
Ascomycota	Lecanoromycetes	Lecanorales	Parmeliaceae	Parmelina	Parmelina tiliacea
Ascomycota	Lecanoromycetes	Lecanorales	Parmeliaceae	Parmeliopsis	Parmeliopsis ambigua
Ascomycota	Lecanoromycetes	Lecanorales	Parmeliaceae	Parmotrema	Parmotrema perlatum
Basidiomycota	Agaricomycetes	Boletales	Paxillaceae	Paxillus	Paxillus involutus
Ascomycota	Lecanoromycetes	Peltigerales	Peltigeraceae	Peltigera	Peltigera aphthosa
Ascomycota	Lecanoromycetes	Peltigerales	Peltigeraceae	Peltigera	Peltigera canina
Ascomycota	Lecanoromycetes	Peltigerales	Peltigeraceae	Peltigera	Peltigera didactyla
Ascomycota	Lecanoromycetes	Peltigerales	Peltigeraceae	Peltigera	Peltigera membranacea
Ascomycota	Lecanoromycetes	Peltigerales	Peltigeraceae	Peltigera	Peltigera praetextata
Basidiomycota	Agaricomycetes	Russulales	Peniophoraceae	Peniophora	Peniophora albobadia
Basidiomycota	Agaricomycetes	Russulales	Peniophoraceae	Peniophora	Peniophora incarnata
Basidiomycota	Agaricomycetes	Russulales	Peniophoraceae	Peniophora	Peniophora quercina
Basidiomycota	Agaricomycetes	Russulales	Peniophoraceae	Peniophora	Peniophora rufa
Ascomycota	Pezizomycetes	Pezizales	Pezizaceae	Peziza	Peziza ammophila
Ascomycota	Pezizomycetes	Pezizales	Pezizaceae	Peziza	Peziza varia
Ascomycota	Leotiomycetes	Helotiales	Helotiaceae	Phaeohelotium	Phaeohelotium baileyanum
Basidiomycota	Agaricomycetes	Agaricales	Tricholomataceae	Phaeolepiota	Phaeolepiota aurea
Basidiomycota	Agaricomycetes	Polyporales	Laetiporaceae	Phaeolus	Phaeolus schweinitzii
Ascomycota	Lecanoromycetes	Caliciales	Physciaceae	Phaeophyscia	Phaeophyscia orbicularis
Ascomycota	Lecanoromycetes	Caliciales	Physciaceae	Phaeophyscia	Phaeophyscia rubropulchra
Basidiomycota	Tremellomycetes	Tremellales	Tremellaceae	Phaeotremella	Phaeotremella foliacea
Basidiomycota	Agaricomycetes	Phallales	Phallaceae	Phallus	Phallus hadriani
Basidiomycota	Agaricomycetes	Phallales	Phallaceae	Phallus	Phallus impudicus
Basidiomycota	Agaricomycetes	Phallales	Phallaceae	Phallus	Phallus indusiatus
Basidiomycota	Agaricomycetes	Phallales	Phallaceae	Phallus	Phallus ravenelii
Basidiomycota	Agaricomycetes	Phallales	Phallaceae	Phallus	Phallus rugulosus
Basidiomycota	Agaricomycetes	Hymenochaetales	Hymenochaetaceae	Phellinopsis	Phellinopsis conchata
Basidiomycota	Agaricomycetes	Hymenochaetales	Hymenochaetaceae	Phellinus	Phellinus gilvus
Basidiomycota	Agaricomycetes	Hymenochaetales	Hymenochaetaceae	Phellinus	Phellinus igniarius
Basidiomycota	Agaricomycetes	Hymenochaetales	Hymenochaetaceae	Phellinus	Phellinus pomaceus
Basidiomycota	Agaricomycetes	Hymenochaetales	Hymenochaetaceae	Phellinus	Phellinus robiniae
Basidiomycota	Agaricomycetes	Hymenochaetales	Hymenochaetaceae	Phellinus	Phellinus tremulae
Basidiomycota	Agaricomycetes	Hymenochaetales	Hymenochaetaceae	Phellopilus	Phellopilus nigrolimitatus
Basidiomycota	Agaricomycetes	Polyporales	Meruliaceae	Phlebia	Phlebia radiata
Basidiomycota	Agaricomycetes	Polyporales	Meruliaceae	Phlebia	Phlebia tremellosa
Basidiomycota	Agaricomycetes	Boletales	Boletinellaceae	Phlebopus	Phlebopus marginatus
Basidiomycota	Atractiellomycetes	Atractiellales	Phleogenaceae	Phleogena	Phleogena faginea
Ascomycota	Lecanoromycetes	Ostropales	Phlyctidaceae	Phlyctis	Phlyctis argena
Basidiomycota	Agaricomycetes	Agaricales	Strophariaceae	Pholiota	Pholiota aurivella
Basidiomycota	Agaricomycetes	Agaricales	Strophariaceae	Pholiota	Pholiota flammans
Basidiomycota	Agaricomycetes	Agaricales	Strophariaceae	Pholiota	Pholiota populnea
Basidiomycota	Agaricomycetes	Agaricales	Strophariaceae	Pholiota	Pholiota squarrosa
Basidiomycota	Pucciniomycetes	Pucciniales	Phragmidiaceae	Phragmidium	Phragmidium violaceum
Basidiomycota	Agaricomycetes	Agaricales	Phyllotopsidaceae	Phyllotopsis	Phyllotopsis nidulans
Ascomycota	Lecanoromycetes	Caliciales	Physciaceae	Physcia	Physcia adscendens
Ascomycota	Lecanoromycetes	Caliciales	Physciaceae	Physcia	Physcia aipolia
Ascomycota	Lecanoromycetes	Caliciales	Physciaceae	Physcia	Physcia caesia
Ascomycota	Lecanoromycetes	Caliciales	Physciaceae	Physcia	Physcia millegrana
Ascomycota	Lecanoromycetes	Caliciales	Physciaceae	Physcia	Physcia stellaris
Ascomycota	Lecanoromycetes	Caliciales	Physciaceae	Physcia	Physcia tenella
Ascomycota	Lecanoromycetes	Caliciales	Physciaceae	Physconia	Physconia distorta
Basidiomycota	Agaricomycetes	Polyporales	Polyporaceae	Picipes	Picipes badius
Ascomycota	Lecanoromycetes	Lecanorales	Cladoniaceae	Pilophorus	Pilophorus acicularis
Basidiomycota	Agaricomycetes	Boletales	Sclerodermataceae	Pisolithus	Pisolithus arhizus
Ascomycota	Lecanoromycetes	Lecanorales	Parmeliaceae	Platismatia	Platismatia glauca
Ascomycota	Lecanoromycetes	Lecanorales	Parmeliaceae	Platismatia	Platismatia tuckermanii
Basidiomycota	Agaricomycetes	Agaricales	Marasmiaceae	Pleurocybella	Pleurocybella porrigens
Ascomycota	Lecanoromycetes	Lecanorales	Parmeliaceae	Pleurosticta	Pleurosticta acetabulum
Basidiomycota	Agaricomycetes	Agaricales	Pleurotaceae	Pleurotus	Pleurotus citrinopileatus
Basidiomycota	Agaricomycetes	Agaricales	Pleurotaceae	Pleurotus	Pleurotus ostreatus
Basidiomycota	Agaricomycetes	Agaricales	Pleurotaceae	Pleurotus	Pleurotus pulmonarius
Basidiomycota	Agaricomycetes	Amylocorticiales	Amylocorticiaceae	Plicaturopsis	Plicaturopsis crispa
Basidiomycota	Agaricomycetes	Agaricales	Pluteaceae	Pluteus	Pluteus cervinus
Basidiomycota	Agaricomycetes	Agaricales	Pluteaceae	Pluteus	Pluteus salicinus
Basidiomycota	Agaricomycetes	Agaricales	Agaricaceae	Podaxis	Podaxis pistillaris
Basidiomycota	Agaricomycetes	Polyporales	Polyporaceae	Podofomes	Podofomes mollis
Basidiomycota	Agaricomycetes	Polyporales	Podoscyphaceae	Podoscypha	Podoscypha petalodes
Ascomycota	Lecanoromycetes	Caliciales	Physciaceae	Poeltonia	Poeltonia grisea
Ascomycota	Lecanoromycetes	Teloschistales	Teloschistaceae	Polycauliona	Polycauliona polycarpa
Ascomycota	Lecanoromycetes	Lecanorales	Lecanoraceae	Polyozosia	Polyozosia albescens
Ascomycota	Lecanoromycetes	Lecanorales	Lecanoraceae	Polyozosia	Polyozosia dispersa
Basidiomycota	Agaricomycetes	Polyporales	Polyporaceae	Polyporus	Polyporus brumalis
Basidiomycota	Agaricomycetes	Polyporales	Polyporaceae	Polyporus	Polyporus lipsiensis
Basidiomycota	Agaricomycetes	Polyporales	Polyporaceae	Polyporus	Polyporus squamosus
Basidiomycota	Agaricomycetes	Polyporales	Polyporaceae	Polyporus	Polyporus tuberaster
Basidiomycota	Agaricomycetes	Hymenochaetales	Hymenochaetaceae	Porodaedalea	Porodaedalea pini
Basidiomycota	Agaricomycetes	Polyporales	Polyporaceae	Poronidulus	Poronidulus conchifer
Ascomycota	Lecanoromycetes	Lecideales	Lecideaceae	Porpidia	Porpidia albocaerulescens
Basidiomycota	Agaricomycetes	Polyporales	Dacryobolaceae	Postia	Postia ptychogaster
Ascomycota	Lecanoromycetes	Lecanorales	Lecanoraceae	Protoparmeliopsis	Protoparmeliopsis muralis
Basidiomycota	Agaricomycetes	Agaricales	Strophariaceae	Protostropharia	Protostropharia semiglobata
Basidiomycota	Agaricomycetes	Agaricales	Psathyrellaceae	Psathyrella	Psathyrella piluliformis
Ascomycota	Lecanoromycetes	Lecanorales	Parmeliaceae	Pseudevernia	Pseudevernia furfuracea
Basidiomycota	Agaricomycetes	Boletales	Boletaceae	Pseudoboletus	Pseudoboletus parasiticus
Basidiomycota	Agaricomycetes	Agaricales	Pseudoclitocybaceae	Pseudoclitocybe	Pseudoclitocybe cyathiformis
Basidiomycota	Agaricomycetes	Phallales	Phallaceae	Pseudocolus	Pseudocolus fusiformis
Basidiomycota	Agaricomycetes	Auriculariales		Pseudohydnum	Pseudohydnum gelatinosum
Basidiomycota	Agaricomycetes	Hymenochaetales	Hymenochaetaceae	Pseudoinonotus	Pseudoinonotus dryadeus
Ascomycota	Arthoniomycetes	Arthoniales	Roccellaceae	Pseudoschismatomma	Pseudoschismatomma rufescens
Basidiomycota	Agaricomycetes	Agaricales	Hymenogastraceae	Psilocybe	Psilocybe coronilla
Basidiomycota	Agaricomycetes	Agaricales	Hymenogastraceae	Psilocybe	Psilocybe cubensis
Basidiomycota	Agaricomycetes	Agaricales	Hymenogastraceae	Psilocybe	Psilocybe cyanescens
Basidiomycota	Agaricomycetes	Agaricales	Hymenogastraceae	Psilocybe	Psilocybe subaeruginosa
Basidiomycota	Pucciniomycetes	Pucciniales	Pucciniaceae	Puccinia	Puccinia coronata
Basidiomycota	Pucciniomycetes	Pucciniales	Pucciniaceae	Puccinia	Puccinia lagenophorae
Basidiomycota	Pucciniomycetes	Pucciniales	Pucciniaceae	Puccinia	Puccinia malvacearum
Basidiomycota	Pucciniomycetes	Pucciniales	Pucciniaceae	Puccinia	Puccinia podophylli
Basidiomycota	Pucciniomycetes	Pucciniales	Pucciniaceae	Puccinia	Puccinia urticata
Ascomycota	Lecanoromycetes	Lecanorales	Parmeliaceae	Punctelia	Punctelia borreri
Ascomycota	Lecanoromycetes	Lecanorales	Parmeliaceae	Punctelia	Punctelia jeckeri
Ascomycota	Lecanoromycetes	Lecanorales	Parmeliaceae	Punctelia	Punctelia rudecta
Ascomycota	Lecanoromycetes	Lecanorales	Parmeliaceae	Punctelia	Punctelia subrudecta
Basidiomycota	Agaricomycetes	Polyporales	Pycnoporellaceae	Pycnoporellus	Pycnoporellus fulgens
Basidiomycota	Agaricomycetes	Agaricales	Radulomycetaceae	Radulomyces	Radulomyces copelandii
Ascomycota	Lecanoromycetes	Lecanorales	Ramalinaceae	Ramalina	Ramalina celastri
Ascomycota	Lecanoromycetes	Lecanorales	Ramalinaceae	Ramalina	Ramalina farinacea
Ascomycota	Lecanoromycetes	Lecanorales	Ramalinaceae	Ramalina	Ramalina fastigiata
Ascomycota	Lecanoromycetes	Lecanorales	Ramalinaceae	Ramalina	Ramalina fraxinea
Ascomycota	Lecanoromycetes	Lecanorales	Ramalinaceae	Ramalina	Ramalina menziesii
Basidiomycota	Agaricomycetes	Gomphales	Gomphaceae	Ramaria	Ramaria stricta
Basidiomycota	Agaricomycetes	Agaricales	Clavariaceae	Ramariopsis	Ramariopsis kunzei
Ascomycota	Dothideomycetes	Mycosphaerellales	Mycosphaerellaceae	Ramularia	Ramularia rubella
Basidiomycota	Agaricomycetes	Boletales	Boletaceae	Retiboletus	Retiboletus ornatipes
Ascomycota	Lecanoromycetes	Rhizocarpales	Rhizocarpaceae	Rhizocarpon	Rhizocarpon geographicum
Basidiomycota	Agaricomycetes	Agaricales	Omphalotaceae	Rhodocollybia	Rhodocollybia asema
Basidiomycota	Agaricomycetes	Agaricales	Omphalotaceae	Rhodocollybia	Rhodocollybia butyracea
Basidiomycota	Agaricomycetes	Agaricales	Omphalotaceae	Rhodocollybia	Rhodocollybia maculata
Basidiomycota	Agaricomycetes	Polyporales	Fomitopsidaceae	Rhodofomes	Rhodofomes cajanderi
Basidiomycota	Agaricomycetes	Polyporales	Fomitopsidaceae	Rhodofomes	Rhodofomes roseus
Basidiomycota	Agaricomycetes	Agaricales	Physalacriaceae	Rhodotus	Rhodotus palmatus
Ascomycota	Leotiomycetes	Rhytismatales	Rhytismataceae	Rhytisma	Rhytisma acerinum
Ascomycota	Leotiomycetes	Rhytismatales	Rhytismataceae	Rhytisma	Rhytisma punctatum
Ascomycota	Lecanoromycetes	Peltigerales	Lobariaceae	Ricasolia	Ricasolia quercizans
Basidiomycota	Agaricomycetes	Hymenochaetales	Rickenellaceae	Rickenella	Rickenella fibula
Basidiomycota	Agaricomycetes	Hymenochaetales	Rickenellaceae	Rickenella	Rickenella swartzii
Basidiomycota	Agaricomycetes	Russulales	Russulaceae	Russula	Russula adusta
Basidiomycota	Agaricomycetes	Russulales	Russulaceae	Russula	Russula brevipes
Basidiomycota	Agaricomycetes	Russulales	Russulaceae	Russula	Russula claroflava
Basidiomycota	Agaricomycetes	Russulales	Russulaceae	Russula	Russula cyanoxantha
Basidiomycota	Agaricomycetes	Russulales	Russulaceae	Russula	Russula foetens
Basidiomycota	Agaricomycetes	Russulales	Russulaceae	Russula	Russula ochroleuca
Basidiomycota	Agaricomycetes	Russulales	Russulaceae	Russula	Russula parazurea
Basidiomycota	Agaricomycetes	Russulales	Russulaceae	Russula	Russula sanguinea
Basidiomycota	Agaricomycetes	Russulales	Russulaceae	Russula	Russula sardonia
Basidiomycota	Agaricomycetes	Russulales	Russulaceae	Russula	Russula vesca
Basidiomycota	Agaricomycetes	Russulales	Russulaceae	Russula	Russula virescens
Basidiomycota	Agaricomycetes	Russulales	Russulaceae	Russula	Russula xerampelina
Basidiomycota	Agaricomycetes	Thelephorales	Bankeraceae	Sarcodon	Sarcodon imbricatus
Basidiomycota	Agaricomycetes	Agaricales	Sarcomyxaceae	Sarcomyxa	Sarcomyxa serotina
Ascomycota	Pezizomycetes	Pezizales	Sarcoscyphaceae	Sarcoscypha	Sarcoscypha austriaca
Ascomycota	Pezizomycetes	Pezizales	Sarcoscyphaceae	Sarcoscypha	Sarcoscypha coccinea
Ascomycota	Pezizomycetes	Pezizales	Sarcoscyphaceae	Sarcoscypha	Sarcoscypha occidentalis
Ascomycota	Pezizomycetes	Pezizales	Sarcosomataceae	Sarcosoma	Sarcosoma globosum
Ascomycota	Leotiomycetes	Helotiales	Erysiphaceae	Sawadaea	Sawadaea tulasnei
Basidiomycota	Agaricomycetes	Agaricales	Schizophyllaceae	Schizophyllum	Schizophyllum commune
Basidiomycota	Agaricomycetes	Boletales	Sclerodermataceae	Scleroderma	Scleroderma citrinum
Basidiomycota	Agaricomycetes	Boletales	Sclerodermataceae	Scleroderma	Scleroderma polyrhizum
Ascomycota	Dothideomycetes	Capnodiales	Capnodiaceae	Scorias	Scorias spongiosa
Ascomycota	Pezizomycetes	Pezizales	Pyronemataceae	Scutellinia	Scutellinia scutellata
Basidiomycota	Agaricomycetes	Sebacinales	Sebacinaceae	Sebacina	Sebacina schweinitzii
Ascomycota	Dothideomycetes	Pleosporales	Melanommataceae	Seifertia	Seifertia azaleae
Basidiomycota	Agaricomycetes	Boletales	Serpulaceae	Serpula	Serpula himantioides
Basidiomycota	Agaricomycetes	Polyporales	Incrustoporiaceae	Skeletocutis	Skeletocutis amorpha
Basidiomycota	Agaricomycetes	Polyporales	Sparassidaceae	Sparassis	Sparassis crispa
Basidiomycota	Agaricomycetes	Polyporales	Sparassidaceae	Sparassis	Sparassis spathulata
Basidiomycota	Agaricomycetes	Geastrales	Geastraceae	Sphaerobolus	Sphaerobolus stellatus
Ascomycota	Lecanoromycetes	Lecanorales	Sphaerophoraceae	Sphaerophorus	Sphaerophorus globosus
Basidiomycota	Agaricomycetes	Polyporales	Steccherinaceae	Steccherinum	Steccherinum ochraceum
Basidiomycota	Agaricomycetes	Russulales	Stereaceae	Stereum	Stereum complicatum
Basidiomycota	Agaricomycetes	Russulales	Stereaceae	Stereum	Stereum gausapatum
Basidiomycota	Agaricomycetes	Russulales	Stereaceae	Stereum	Stereum hirsutum
Basidiomycota	Agaricomycetes	Russulales	Stereaceae	Stereum	Stereum lobatum
Basidiomycota	Agaricomycetes	Russulales	Stereaceae	Stereum	Stereum ostrea
Basidiomycota	Agaricomycetes	Russulales	Stereaceae	Stereum	Stereum rugosum
Basidiomycota	Agaricomycetes	Russulales	Stereaceae	Stereum	Stereum sanguinolentum
Basidiomycota	Agaricomycetes	Russulales	Stereaceae	Stereum	Stereum subtomentosum
Basidiomycota	Agaricomycetes	Russulales	Stereaceae	Stereum	Stereum versicolor
Basidiomycota	Agaricomycetes	Boletales	Boletaceae	Strobilomyces	Strobilomyces strobilaceus
Basidiomycota	Agaricomycetes	Agaricales	Physalacriaceae	Strobilurus	Strobilurus esculentus
Basidiomycota	Agaricomycetes	Agaricales	Physalacriaceae	Strobilurus	Strobilurus trullisatus
Basidiomycota	Agaricomycetes	Agaricales	Strophariaceae	Stropharia	Stropharia aeruginosa
Basidiomycota	Agaricomycetes	Agaricales	Strophariaceae	Stropharia	Stropharia ambigua
Basidiomycota	Agaricomycetes	Agaricales	Strophariaceae	Stropharia	Stropharia rugosoannulata
Basidiomycota	Agaricomycetes	Boletales	Boletaceae	Suillellus	Suillellus luridus
Basidiomycota	Agaricomycetes	Boletales	Suillaceae	Suillus	Suillus americanus
Basidiomycota	Agaricomycetes	Boletales	Suillaceae	Suillus	Suillus bovinus
Basidiomycota	Agaricomycetes	Boletales	Suillaceae	Suillus	Suillus caerulescens
Basidiomycota	Agaricomycetes	Boletales	Suillaceae	Suillus	Suillus cavipes
Basidiomycota	Agaricomycetes	Boletales	Suillaceae	Suillus	Suillus granulatus
Basidiomycota	Agaricomycetes	Boletales	Suillaceae	Suillus	Suillus grevillei
Basidiomycota	Agaricomycetes	Boletales	Suillaceae	Suillus	Suillus luteus
Basidiomycota	Agaricomycetes	Boletales	Suillaceae	Suillus	Suillus pungens
Basidiomycota	Agaricomycetes	Boletales	Suillaceae	Suillus	Suillus spraguei
Basidiomycota	Agaricomycetes	Boletales	Suillaceae	Suillus	Suillus variegatus
Ascomycota	Taphrinomycetes	Taphrinales	Taphrinaceae	Taphrina	Taphrina alni
Ascomycota	Taphrinomycetes	Taphrinales	Taphrinaceae	Taphrina	Taphrina betulina
Ascomycota	Taphrinomycetes	Taphrinales	Taphrinaceae	Taphrina	Taphrina farlowii
Ascomycota	Taphrinomycetes	Taphrinales	Taphrinaceae	Taphrina	Taphrina pruni
Basidiomycota	Agaricomycetes	Boletales	Tapinellaceae	Tapinella	Tapinella atrotomentosa
Basidiomycota	Agaricomycetes	Boletales	Tapinellaceae	Tapinella	Tapinella panuoides
Ascomycota	Lecanoromycetes	Teloschistales	Teloschistaceae	Teloschistes	Teloschistes exilis
Ascomycota	Lecanoromycetes	Teloschistales	Teloschistaceae	Teloschistes	Teloschistes flavicans
Ascomycota	Lecanoromycetes	Lecanorales	Tephromelataceae	Tephromela	Tephromela atra
Basidiomycota	Agaricomycetes	Polyporales	Phanerochaetaceae	Terana	Terana coerulea
Ascomycota	Lecanoromycetes	Pertusariales	Icmadophilaceae	Thamnolia	Thamnolia vermicularis
Basidiomycota	Agaricomycetes	Thelephorales	Thelephoraceae	Thelephora	Thelephora terrestris
Ascomycota	Sordariomycetes	Hypocreales	Ophiocordycipitaceae	Tolypocladium	Tolypocladium ophioglossoides
Basidiomycota	Agaricomycetes	Polyporales	Polyporaceae	Trametes	Trametes cinnabarina
Basidiomycota	Agaricomycetes	Polyporales	Polyporaceae	Trametes	Trametes coccinea
Basidiomycota	Agaricomycetes	Polyporales	Polyporaceae	Trametes	Trametes gibbosa
Basidiomycota	Agaricomycetes	Polyporales	Polyporaceae	Trametes	Trametes hirsuta
Basidiomycota	Agaricomycetes	Polyporales	Polyporaceae	Trametes	Trametes lactinea
Basidiomycota	Agaricomycetes	Polyporales	Polyporaceae	Trametes	Trametes ochracea
Basidiomycota	Agaricomycetes	Polyporales	Polyporaceae	Trametes	Trametes versicolor
Basidiomycota	Tremellomycetes	Tremellales	Tremellaceae	Tremella	Tremella fuciformis
Basidiomycota	Tremellomycetes	Tremellales	Tremellaceae	Tremella	Tremella mesenterica
Basidiomycota	Agaricomycetes	Hymenochaetales		Trichaptum	Trichaptum abietinum
Basidiomycota	Agaricomycetes	Hymenochaetales		Trichaptum	Trichaptum biforme
Basidiomycota	Agaricomycetes	Agaricales	Tricholomataceae	Tricholoma	Tricholoma equestre
Basidiomycota	Agaricomycetes	Agaricales	Tricholomataceae	Tricholoma	Tricholoma fulvum
Basidiomycota	Agaricomycetes	Agaricales	Tricholomataceae	Tricholoma	Tricholoma saponaceum
Basidiomycota	Agaricomycetes	Agaricales	Tricholomataceae	Tricholoma	Tricholoma scalpturatum
Basidiomycota	Agaricomycetes	Agaricales	Tricholomataceae	Tricholoma	Tricholoma sulphureum
Basidiomycota	Agaricomycetes	Agaricales	Tricholomataceae	Tricholoma	Tricholoma terreum
Basidiomycota	Agaricomycetes	Agaricales	Tricholomataceae	Tricholomopsis	Tricholomopsis decora
Basidiomycota	Agaricomycetes	Agaricales	Tricholomataceae	Tricholomopsis	Tricholomopsis rutilans
Basidiomycota	Agaricomycetes	Agaricales	Tubariaceae	Tubaria	Tubaria furfuracea
Basidiomycota	Agaricomycetes	Agaricales	Agaricaceae	Tulostoma	Tulostoma brumale
Basidiomycota	Agaricomycetes	Gomphales	Gomphaceae	Turbinellus	Turbinellus floccosus
Basidiomycota	Agaricomycetes	Boletales	Boletaceae	Tylopilus	Tylopilus felleus
Basidiomycota	Agaricomycetes	Agaricales	Typhulaceae	Typhula	Typhula fistulosa
Basidiomycota	Agaricomycetes	Agaricales	Typhulaceae	Typhula	Typhula juncea
Basidiomycota	Agaricomycetes	Polyporales	Incrustoporiaceae	Tyromyces	Tyromyces chioneus
Ascomycota	Lecanoromycetes	Umbilicariales	Umbilicariaceae	Umbilicaria	Umbilicaria mammulata
Ascomycota	Lecanoromycetes	Umbilicariales	Umbilicariaceae	Umbilicaria	Umbilicaria phaea
Ascomycota	Pezizomycetes	Pezizales	Sarcosomataceae	Urnula	Urnula craterium
Ascomycota	Lecanoromycetes	Lecanorales	Parmeliaceae	Usnea	Usnea hirta
Ascomycota	Lecanoromycetes	Lecanorales	Parmeliaceae	Usnea	Usnea rubicunda
Ascomycota	Lecanoromycetes	Lecanorales	Parmeliaceae	Usnea	Usnea strigosa
Ascomycota	Lecanoromycetes	Teloschistales	Teloschistaceae	Variospora	Variospora flavescens
Ascomycota	Pezizomycetes	Pezizales	Morchellaceae	Verpa	Verpa bohemica
Ascomycota	Pezizomycetes	Pezizales	Morchellaceae	Verpa	Verpa conica
Ascomycota	Eurotiomycetes	Verrucariales	Verrucariaceae	Verrucaria	Verrucaria nigrescens
Basidiomycota	Agaricomycetes	Polyporales	Irpicaceae	Vitreoporus	Vitreoporus dichrous
Basidiomycota	Agaricomycetes	Agaricales	Pluteaceae	Volvariella	Volvariella bombycina
Basidiomycota	Agaricomycetes	Agaricales	Pluteaceae	Volvopluteus	Volvopluteus gloiocephalus
Ascomycota	Lecanoromycetes	Lecanorales	Parmeliaceae	Vulpicida	Vulpicida canadensis
Ascomycota	Lecanoromycetes	Lecanorales	Parmeliaceae	Vulpicida	Vulpicida pinastri
Ascomycota	Lecanoromycetes	Lecanorales	Parmeliaceae	Xanthoparmelia	Xanthoparmelia conspersa
Basidiomycota	Agaricomycetes	Hymenochaetales	Hymenochaetaceae	Xanthoporia	Xanthoporia radiata
Ascomycota	Lecanoromycetes	Teloschistales	Teloschistaceae	Xanthoria	Xanthoria calcicola
Ascomycota	Lecanoromycetes	Teloschistales	Teloschistaceae	Xanthoria	Xanthoria elegans
Ascomycota	Lecanoromycetes	Teloschistales	Teloschistaceae	Xanthoria	Xanthoria parietina
Ascomycota	Dothideomycetes	Mycosphaerellales	Teratosphaeriaceae	Xanthoriicola	Xanthoriicola physciae
Basidiomycota	Agaricomycetes	Boletales	Boletaceae	Xerocomellus	Xerocomellus chrysenteron
Basidiomycota	Agaricomycetes	Boletales	Boletaceae	Xerocomellus	Xerocomellus pruinatus
Basidiomycota	Agaricomycetes	Boletales	Boletaceae	Xerocomus	Xerocomus subtomentosus
Basidiomycota	Agaricomycetes	Agaricales	Mycenaceae	Xeromphalina	Xeromphalina campanella
Ascomycota	Sordariomycetes	Xylariales	Xylariaceae	Xylaria	Xylaria hypoxylon
Ascomycota	Sordariomycetes	Xylariales	Xylariaceae	Xylaria	Xylaria longipes
Ascomycota	Sordariomycetes	Xylariales	Xylariaceae	Xylaria	Xylaria polymorpha
Basidiomycota	Agaricomycetes	Russulales	Stereaceae	Xylobolus	Xylobolus frustulatus
Basidiomycota	Agaricomycetes	Russulales	Stereaceae	Xylobolus	Xylobolus illudens
Basidiomycota	Agaricomycetes	Hymenochaetales	Schizoporaceae	Xylodon	Xylodon radula
